id_atencion_fuente,fecha,id_paciente_fuente,sexo_paciente,grupo_edad,municipio_paciente,id_medico_fuente,especialidad,id_hospital_fuente,hospital,ciudad_hospital,tipo_hospital,id_diagnostico_fuente,diagnostico,categoria_diagnostico,num_consultas,tiempo_espera_min,costo_atencion
1,25/04/2025,1,Femenino,18-30,Puebla,6,Urgencias,3,Hospital del Sur,Puebla,Privado,4,Asma,Respiratoria,1,20,2325.65
2,13/07/2026,2,Masculino,31-45,Puebla,5,Neumología,4,Hospital Atlixco,Atlixco,Público,3,Neumonía,Respiratoria,1,16.6,784.23
3,02/06/2026,10,Masculino,31-45,Puebla,1,Medicina General,5,Hospital San Ángel,Cholula,Privado,1,Hipertensión,Cardiovascular,1,35.1,2513.05
4,06/03/2026,4,Masculino,18-30,Atlixco,4,Neurología,5,Hospital San Ángel,Cholula,Privado,5,Migraña,Neurológica,1,38.3,914.95
5,13/06/2025,7,Femenino,31-45,Atlixco,3,Pediatría,3,Hospital del Sur,Puebla,Privado,2,Diabetes tipo 2,Metabólica,1,17.5,2656.04
6,15/04/2025,2,Masculino,31-45,Puebla,4,Neurología,1,Hospital General Puebla,Puebla,Público,5,Migraña,Neurológica,1,61.6,1284.84
7,14/02/2025,8,Masculino,61+,Puebla,5,Neumología,1,Hospital General Puebla,Puebla,Público,4,Asma,Respiratoria,1,19.3,881.13
8,26/09/2026,6,Masculino,46-60,Cholula,5,Neumología,2,Hospital Regional Cholula,Cholula,Público,7,COVID-19,Infecciosa,1,18.8,1359.64
9,24/10/2025,2,Masculino,31-45,Puebla,7,Endocrinología,2,Hospital Regional Cholula,Cholula,Público,2,Diabetes tipo 2,Metabólica,1,35.9,1089.43
10,09/01/2026,3,Femenino,46-60,Cholula,3,Pediatría,3,Hospital del Sur,Puebla,Privado,2,Diabetes tipo 2,Metabólica,1,33.5,2514.19
11,15/03/2025,10,Masculino,31-45,Puebla,6,Urgencias,2,Hospital Regional Cholula,Cholula,Público,4,Asma,Respiratoria,1,17.4,1683.02
12,25/07/2026,4,Masculino,18-30,Atlixco,6,Urgencias,3,Hospital del Sur,Puebla,Privado,3,Neumonía,Respiratoria,1,20.3,1057.78
13,20/11/2025,7,Femenino,31-45,Atlixco,3,Pediatría,1,Hospital General Puebla,Puebla,Público,2,Diabetes tipo 2,Metabólica,1,65.2,1237.33
14,19/11/2025,4,Masculino,18-30,Atlixco,6,Urgencias,4,Hospital Atlixco,Atlixco,Público,6,Gastritis,Digestiva,1,49.8,2157.13
15,27/05/2025,5,Femenino,61+,Puebla,2,Cardiología,2,Hospital Regional Cholula,Cholula,Público,1,Hipertensión,Cardiovascular,1,56.1,1056.96
16,21/08/2026,7,Femenino,31-45,Atlixco,3,Pediatría,2,Hospital Regional Cholula,Cholula,Público,2,Diabetes tipo 2,Metabólica,1,43,618.18
17,18/02/2025,2,Masculino,31-45,Puebla,2,Cardiología,2,Hospital Regional Cholula,Cholula,Público,1,Hipertensión,Cardiovascular,1,47.8,1000.2
18,03/09/2026,8,Masculino,61+,Puebla,5,Neumología,3,Hospital del Sur,Puebla,Privado,7,COVID-19,Infecciosa,1,40.1,926.41
19,28/04/2025,9,Femenino,18-30,Cholula,7,Endocrinología,3,Hospital del Sur,Puebla,Privado,8,Obesidad,Metabólica,1,13.9,1899.96
20,10/04/2026,1,Femenino,18-30,Puebla,6,Urgencias,3,Hospital del Sur,Puebla,Privado,4,Asma,Respiratoria,1,32.8,1191.54
21,02/11/2025,9,Femenino,18-30,Cholula,5,Neumología,2,Hospital Regional Cholula,Cholula,Público,3,Neumonía,Respiratoria,1,35.6,710.01
22,28/06/2026,1,Femenino,18-30,Puebla,5,Neumología,3,Hospital del Sur,Puebla,Privado,4,Asma,Respiratoria,1,10.7,3036.93
23,11/11/2025,4,Masculino,18-30,Atlixco,1,Medicina General,2,Hospital Regional Cholula,Cholula,Público,8,Obesidad,Metabólica,1,67.1,611.35
24,13/05/2026,2,Masculino,31-45,Puebla,7,Endocrinología,5,Hospital San Ángel,Cholula,Privado,2,Diabetes tipo 2,Metabólica,1,14.5,1993.15
25,17/07/2026,3,Femenino,46-60,Cholula,3,Pediatría,5,Hospital San Ángel,Cholula,Privado,4,Asma,Respiratoria,1,24.8,1387.14
26,07/07/2026,4,Masculino,18-30,Atlixco,6,Urgencias,3,Hospital del Sur,Puebla,Privado,6,Gastritis,Digestiva,1,54.8,2169.78
27,25/03/2026,9,Femenino,18-30,Cholula,4,Neurología,1,Hospital General Puebla,Puebla,Público,5,Migraña,Neurológica,1,27.4,939.51
28,26/08/2026,9,Femenino,18-30,Cholula,2,Cardiología,5,Hospital San Ángel,Cholula,Privado,1,Hipertensión,Cardiovascular,1,10.3,2528.03
29,02/03/2025,4,Masculino,18-30,Atlixco,1,Medicina General,1,Hospital General Puebla,Puebla,Público,6,Gastritis,Digestiva,1,18.9,809.41
30,13/05/2026,4,Masculino,18-30,Atlixco,5,Neumología,2,Hospital Regional Cholula,Cholula,Público,7,COVID-19,Infecciosa,1,66.5,1242.36
31,30/04/2026,4,Masculino,18-30,Atlixco,7,Endocrinología,4,Hospital Atlixco,Atlixco,Público,8,Obesidad,Metabólica,1,25.5,626.01
32,18/03/2026,6,Masculino,46-60,Cholula,4,Neurología,4,Hospital Atlixco,Atlixco,Público,5,Migraña,Neurológica,1,62.5,570.42
33,11/04/2025,1,Femenino,18-30,Puebla,4,Neurología,3,Hospital del Sur,Puebla,Privado,5,Migraña,Neurológica,1,18.7,1337.48
34,05/04/2026,3,Femenino,46-60,Cholula,4,Neurología,2,Hospital Regional Cholula,Cholula,Público,5,Migraña,Neurológica,1,40.4,1636.83
35,19/03/2025,8,Masculino,61+,Puebla,7,Endocrinología,5,Hospital San Ángel,Cholula,Privado,2,Diabetes tipo 2,Metabólica,1,11.8,3198.35
36,16/01/2025,2,Masculino,31-45,Puebla,7,Endocrinología,2,Hospital Regional Cholula,Cholula,Público,2,Diabetes tipo 2,Metabólica,1,37.4,1125.77
37,15/02/2026,1,Femenino,18-30,Puebla,2,Cardiología,4,Hospital Atlixco,Atlixco,Público,1,Hipertensión,Cardiovascular,1,69.2,844.76
38,11/04/2026,5,Femenino,61+,Puebla,4,Neurología,5,Hospital San Ángel,Cholula,Privado,5,Migraña,Neurológica,1,15.4,1582.43
39,01/03/2025,10,Masculino,31-45,Puebla,6,Urgencias,5,Hospital San Ángel,Cholula,Privado,3,Neumonía,Respiratoria,1,43.7,1102.9
40,22/08/2026,8,Masculino,61+,Puebla,5,Neumología,5,Hospital San Ángel,Cholula,Privado,3,Neumonía,Respiratoria,1,12,2068.01
41,10/07/2025,2,Masculino,31-45,Puebla,5,Neumología,1,Hospital General Puebla,Puebla,Público,7,COVID-19,Infecciosa,1,62.4,1024.91
42,07/08/2026,4,Masculino,18-30,Atlixco,5,Neumología,5,Hospital San Ángel,Cholula,Privado,3,Neumonía,Respiratoria,1,31.7,1864.22
43,21/08/2026,10,Masculino,31-45,Puebla,5,Neumología,3,Hospital del Sur,Puebla,Privado,4,Asma,Respiratoria,1,17.1,2547.24
44,02/09/2025,5,Femenino,61+,Puebla,4,Neurología,2,Hospital Regional Cholula,Cholula,Público,5,Migraña,Neurológica,1,40.1,1707.72
45,16/03/2025,1,Femenino,18-30,Puebla,4,Neurología,5,Hospital San Ángel,Cholula,Privado,5,Migraña,Neurológica,1,12.6,1390.25
46,29/09/2025,3,Femenino,46-60,Cholula,3,Pediatría,1,Hospital General Puebla,Puebla,Público,2,Diabetes tipo 2,Metabólica,1,35.3,705.07
47,11/07/2026,5,Femenino,61+,Puebla,5,Neumología,5,Hospital San Ángel,Cholula,Privado,3,Neumonía,Respiratoria,1,33.4,2175.59
48,17/04/2025,3,Femenino,46-60,Cholula,3,Pediatría,1,Hospital General Puebla,Puebla,Público,2,Diabetes tipo 2,Metabólica,1,55.8,702.08
49,16/10/2025,10,Masculino,31-45,Puebla,2,Cardiología,3,Hospital del Sur,Puebla,Privado,1,Hipertensión,Cardiovascular,1,34.1,2861.7
50,02/06/2026,8,Masculino,61+,Puebla,3,Pediatría,1,Hospital General Puebla,Puebla,Público,2,Diabetes tipo 2,Metabólica,1,49.9,1578.15
51,15/02/2025,1,Femenino,18-30,Puebla,3,Pediatría,2,Hospital Regional Cholula,Cholula,Público,4,Asma,Respiratoria,1,68.9,710.06
52,29/03/2026,9,Femenino,18-30,Cholula,6,Urgencias,4,Hospital Atlixco,Atlixco,Público,3,Neumonía,Respiratoria,1,15,2701.09
53,02/06/2025,9,Femenino,18-30,Cholula,1,Medicina General,3,Hospital del Sur,Puebla,Privado,8,Obesidad,Metabólica,1,29.3,1888.51
54,12/02/2025,5,Femenino,61+,Puebla,3,Pediatría,1,Hospital General Puebla,Puebla,Público,3,Neumonía,Respiratoria,1,26.6,824.39
55,16/04/2025,6,Masculino,46-60,Cholula,7,Endocrinología,5,Hospital San Ángel,Cholula,Privado,8,Obesidad,Metabólica,1,44.1,2623.8
56,31/08/2025,3,Femenino,46-60,Cholula,7,Endocrinología,2,Hospital Regional Cholula,Cholula,Público,8,Obesidad,Metabólica,1,16.4,1457.53
57,07/12/2025,7,Femenino,31-45,Atlixco,7,Endocrinología,2,Hospital Regional Cholula,Cholula,Público,8,Obesidad,Metabólica,1,23.8,1411.66
58,27/01/2026,1,Femenino,18-30,Puebla,7,Endocrinología,4,Hospital Atlixco,Atlixco,Público,2,Diabetes tipo 2,Metabólica,1,26,1693.99
59,25/12/2025,5,Femenino,61+,Puebla,7,Endocrinología,2,Hospital Regional Cholula,Cholula,Público,2,Diabetes tipo 2,Metabólica,1,16.3,751.07
60,03/12/2025,5,Femenino,61+,Puebla,7,Endocrinología,1,Hospital General Puebla,Puebla,Público,8,Obesidad,Metabólica,1,34.3,1162.23
61,04/07/2026,6,Masculino,46-60,Cholula,1,Medicina General,1,Hospital General Puebla,Puebla,Público,6,Gastritis,Digestiva,1,24.8,1751.29
62,29/09/2025,1,Femenino,18-30,Puebla,1,Medicina General,5,Hospital San Ángel,Cholula,Privado,6,Gastritis,Digestiva,1,22.1,2708.78
63,23/03/2026,10,Masculino,31-45,Puebla,5,Neumología,1,Hospital General Puebla,Puebla,Público,4,Asma,Respiratoria,1,64.5,747.1
64,15/02/2025,7,Femenino,31-45,Atlixco,1,Medicina General,5,Hospital San Ángel,Cholula,Privado,8,Obesidad,Metabólica,1,34,3062.61
65,21/07/2025,6,Masculino,46-60,Cholula,4,Neurología,1,Hospital General Puebla,Puebla,Público,5,Migraña,Neurológica,1,49.3,1362.4
66,08/05/2025,5,Femenino,61+,Puebla,5,Neumología,3,Hospital del Sur,Puebla,Privado,7,COVID-19,Infecciosa,1,24.3,1825.52
67,30/10/2025,9,Femenino,18-30,Cholula,2,Cardiología,2,Hospital Regional Cholula,Cholula,Público,1,Hipertensión,Cardiovascular,1,51.6,992.89
68,28/06/2025,10,Masculino,31-45,Puebla,5,Neumología,3,Hospital del Sur,Puebla,Privado,4,Asma,Respiratoria,1,29.2,900.93
69,21/10/2025,4,Masculino,18-30,Atlixco,4,Neurología,5,Hospital San Ángel,Cholula,Privado,5,Migraña,Neurológica,1,26.3,1916.97
70,07/08/2025,9,Femenino,18-30,Cholula,4,Neurología,2,Hospital Regional Cholula,Cholula,Público,5,Migraña,Neurológica,1,30.6,1363.01
71,27/09/2026,6,Masculino,46-60,Cholula,1,Medicina General,2,Hospital Regional Cholula,Cholula,Público,8,Obesidad,Metabólica,1,32.1,1548.53
72,31/05/2025,1,Femenino,18-30,Puebla,1,Medicina General,2,Hospital Regional Cholula,Cholula,Público,6,Gastritis,Digestiva,1,48.6,1499.04
73,12/04/2026,7,Femenino,31-45,Atlixco,6,Urgencias,5,Hospital San Ángel,Cholula,Privado,4,Asma,Respiratoria,1,42.3,1691.16
74,14/02/2026,4,Masculino,18-30,Atlixco,2,Cardiología,1,Hospital General Puebla,Puebla,Público,1,Hipertensión,Cardiovascular,1,57.8,784.49
75,15/06/2026,8,Masculino,61+,Puebla,1,Medicina General,5,Hospital San Ángel,Cholula,Privado,1,Hipertensión,Cardiovascular,1,42.1,1179.12
76,17/05/2025,8,Masculino,61+,Puebla,6,Urgencias,5,Hospital San Ángel,Cholula,Privado,7,COVID-19,Infecciosa,1,52.8,2604.57
77,20/09/2026,9,Femenino,18-30,Cholula,4,Neurología,5,Hospital San Ángel,Cholula,Privado,5,Migraña,Neurológica,1,41.4,2610.41
78,02/05/2026,8,Masculino,61+,Puebla,3,Pediatría,2,Hospital Regional Cholula,Cholula,Público,4,Asma,Respiratoria,1,30.3,1510.98
79,12/05/2026,4,Masculino,18-30,Atlixco,3,Pediatría,4,Hospital Atlixco,Atlixco,Público,2,Diabetes tipo 2,Metabólica,1,54.2,804.84
80,10/12/2025,6,Masculino,46-60,Cholula,5,Neumología,1,Hospital General Puebla,Puebla,Público,3,Neumonía,Respiratoria,1,23.3,997.95
81,06/06/2025,4,Masculino,18-30,Atlixco,1,Medicina General,4,Hospital Atlixco,Atlixco,Público,6,Gastritis,Digestiva,1,33.2,1105.7
82,05/03/2025,4,Masculino,18-30,Atlixco,7,Endocrinología,4,Hospital Atlixco,Atlixco,Público,8,Obesidad,Metabólica,1,64.8,1259.3
83,21/01/2025,10,Masculino,31-45,Puebla,4,Neurología,4,Hospital Atlixco,Atlixco,Público,5,Migraña,Neurológica,1,66.9,888.2
84,04/02/2026,7,Femenino,31-45,Atlixco,5,Neumología,5,Hospital San Ángel,Cholula,Privado,7,COVID-19,Infecciosa,1,41.4,2022.93
85,07/10/2025,7,Femenino,31-45,Atlixco,4,Neurología,1,Hospital General Puebla,Puebla,Público,5,Migraña,Neurológica,1,33.5,1382.88
86,19/02/2026,3,Femenino,46-60,Cholula,7,Endocrinología,4,Hospital Atlixco,Atlixco,Público,2,Diabetes tipo 2,Metabólica,1,68.9,1194.36
87,08/02/2026,10,Masculino,31-45,Puebla,5,Neumología,1,Hospital General Puebla,Puebla,Público,3,Neumonía,Respiratoria,1,50.4,676.41
88,18/04/2026,3,Femenino,46-60,Cholula,1,Medicina General,3,Hospital del Sur,Puebla,Privado,6,Gastritis,Digestiva,1,21.5,1945.81
89,12/12/2025,7,Femenino,31-45,Atlixco,3,Pediatría,4,Hospital Atlixco,Atlixco,Público,3,Neumonía,Respiratoria,1,60.9,1111.4
90,07/07/2026,1,Femenino,18-30,Puebla,3,Pediatría,2,Hospital Regional Cholula,Cholula,Público,4,Asma,Respiratoria,1,18.8,1744.47
91,11/02/2025,1,Femenino,18-30,Puebla,2,Cardiología,2,Hospital Regional Cholula,Cholula,Público,1,Hipertensión,Cardiovascular,1,49.2,810.11
92,30/04/2026,2,Masculino,31-45,Puebla,5,Neumología,2,Hospital Regional Cholula,Cholula,Público,4,Asma,Respiratoria,1,53.5,1496.97
93,21/06/2025,10,Masculino,31-45,Puebla,5,Neumología,1,Hospital General Puebla,Puebla,Público,3,Neumonía,Respiratoria,1,68.1,640.53
94,27/01/2025,5,Femenino,61+,Puebla,5,Neumología,4,Hospital Atlixco,Atlixco,Público,4,Asma,Respiratoria,1,66.8,757.83
95,30/08/2026,4,Masculino,18-30,Atlixco,1,Medicina General,3,Hospital del Sur,Puebla,Privado,8,Obesidad,Metabólica,1,31,1178.43
96,03/08/2026,1,Femenino,18-30,Puebla,3,Pediatría,5,Hospital San Ángel,Cholula,Privado,3,Neumonía,Respiratoria,1,33.2,1058.6
97,16/12/2025,1,Femenino,18-30,Puebla,7,Endocrinología,4,Hospital Atlixco,Atlixco,Público,8,Obesidad,Metabólica,1,20.8,1749.02
98,16/04/2026,3,Femenino,46-60,Cholula,4,Neurología,2,Hospital Regional Cholula,Cholula,Público,5,Migraña,Neurológica,1,48.9,1695.5
99,11/05/2026,8,Masculino,61+,Puebla,4,Neurología,5,Hospital San Ángel,Cholula,Privado,5,Migraña,Neurológica,1,21.3,1464.64
100,30/03/2025,5,Femenino,61+,Puebla,4,Neurología,2,Hospital Regional Cholula,Cholula,Público,5,Migraña,Neurológica,1,46.3,1368.65
101,11/12/2025,1,Femenino,18-30,Puebla,4,Neurología,3,Hospital del Sur,Puebla,Privado,5,Migraña,Neurológica,1,27.1,1716.1
102,22/09/2025,6,Masculino,46-60,Cholula,3,Pediatría,5,Hospital San Ángel,Cholula,Privado,4,Asma,Respiratoria,1,40.8,2178.32
103,14/06/2026,4,Masculino,18-30,Atlixco,1,Medicina General,2,Hospital Regional Cholula,Cholula,Público,8,Obesidad,Metabólica,1,37.4,1221.73
104,04/09/2025,8,Masculino,61+,Puebla,6,Urgencias,4,Hospital Atlixco,Atlixco,Público,6,Gastritis,Digestiva,1,45.7,1167.5
105,15/08/2025,7,Femenino,31-45,Atlixco,6,Urgencias,2,Hospital Regional Cholula,Cholula,Público,7,COVID-19,Infecciosa,1,39.9,1664.24
106,21/07/2026,9,Femenino,18-30,Cholula,3,Pediatría,4,Hospital Atlixco,Atlixco,Público,4,Asma,Respiratoria,1,45.3,957.35
107,10/04/2026,5,Femenino,61+,Puebla,3,Pediatría,3,Hospital del Sur,Puebla,Privado,2,Diabetes tipo 2,Metabólica,1,14.2,1342.94
108,03/05/2025,9,Femenino,18-30,Cholula,7,Endocrinología,2,Hospital Regional Cholula,Cholula,Público,2,Diabetes tipo 2,Metabólica,1,26.9,1129.46
109,27/08/2026,9,Femenino,18-30,Cholula,5,Neumología,3,Hospital del Sur,Puebla,Privado,3,Neumonía,Respiratoria,1,39.1,1581.37
110,05/01/2026,3,Femenino,46-60,Cholula,3,Pediatría,1,Hospital General Puebla,Puebla,Público,4,Asma,Respiratoria,1,44.4,856.6
111,25/02/2025,9,Femenino,18-30,Cholula,3,Pediatría,2,Hospital Regional Cholula,Cholula,Público,4,Asma,Respiratoria,1,62.8,1138.14
112,13/01/2025,10,Masculino,31-45,Puebla,3,Pediatría,4,Hospital Atlixco,Atlixco,Público,3,Neumonía,Respiratoria,1,39.2,739.67
113,22/02/2025,5,Femenino,61+,Puebla,7,Endocrinología,4,Hospital Atlixco,Atlixco,Público,2,Diabetes tipo 2,Metabólica,1,60.2,1020.92
114,17/03/2025,10,Masculino,31-45,Puebla,6,Urgencias,1,Hospital General Puebla,Puebla,Público,4,Asma,Respiratoria,1,16.7,2013.11
115,08/11/2025,2,Masculino,31-45,Puebla,2,Cardiología,1,Hospital General Puebla,Puebla,Público,1,Hipertensión,Cardiovascular,1,48.3,1527.96
116,20/08/2025,9,Femenino,18-30,Cholula,4,Neurología,4,Hospital Atlixco,Atlixco,Público,5,Migraña,Neurológica,1,31.4,1265.08
117,16/03/2026,5,Femenino,61+,Puebla,5,Neumología,5,Hospital San Ángel,Cholula,Privado,3,Neumonía,Respiratoria,1,31.3,2602.21
118,01/08/2025,4,Masculino,18-30,Atlixco,3,Pediatría,1,Hospital General Puebla,Puebla,Público,2,Diabetes tipo 2,Metabólica,1,28.2,1217.59
119,10/06/2025,1,Femenino,18-30,Puebla,4,Neurología,4,Hospital Atlixco,Atlixco,Público,5,Migraña,Neurológica,1,31,800.92
120,17/10/2025,8,Masculino,61+,Puebla,1,Medicina General,2,Hospital Regional Cholula,Cholula,Público,6,Gastritis,Digestiva,1,58.3,1312.58
